rank_overall,layer,measurement,measurement_label,site,timepoint,days_from_launch,phase,value_raw,value_transformed,z_score,z_score_ci_low,z_score_ci_high,z_score_robust,deviation_flag,deviation_direction,fold_change
1,microbial,K05565,multicomponent Na+:H+ antiporter subunit A,NAC,L-92,-92,pre-flight,26.792299999999997,3.324759003913719,1.0509653629213438,0.5773502691896166,3.5843683243726208,0.9461549644439813,elevated,up,1.0153585536330345
1,microbial,K05565,multicomponent Na+:H+ antiporter subunit A,NAC,L-44,-44,pre-flight,26.3425,3.308442268227244,-0.1112317255720739,-1.1547005383792357,1.1547005383792297,0.0,stable,,0.9983123023808412
1,microbial,K05565,multicomponent Na+:H+ antiporter subunit A,NAC,L-3,-3,pre-flight,26.0263,3.296810465976101,-0.9397336373493648,-2.3894372448929717,-0.5773502691896442,-0.6744907594765952,stable,,0.9863291439861244
1,microbial,K05565,multicomponent Na+:H+ antiporter subunit A,NAC,R+1,1,post-flight,0.0,0.0,-235.76265401155237,-492.07116444528714,-204.89012121774155,-191.84591433041444,extreme,down,0.0
1,microbial,K05565,multicomponent Na+:H+ antiporter subunit A,NAC,FD2,2,in-flight,0.0,0.0,-235.76265401155237,-492.07116444528714,-204.89012121774155,-191.84591433041444,extreme,down,0.0
1,microbial,K05565,multicomponent Na+:H+ antiporter subunit A,NAC,FD3,3,in-flight,0.0,0.0,-235.76265401155237,-492.07116444528714,-204.89012121774155,-191.84591433041444,extreme,down,0.0
1,microbial,K05565,multicomponent Na+:H+ antiporter subunit A,NAC,R+45,45,post-flight,8.8704,2.289540379473237,-72.68486601885196,-151.14375030887825,-63.000757556589214,-59.08283978179802,extreme,down,0.3361651113994121
1,microbial,K05565,multicomponent Na+:H+ antiporter subunit A,NAC,R+82,82,post-flight,8.334,2.233663647527624,-76.66481497613924,-159.46415815291635,-66.46359840024007,-62.32295155066547,extreme,down,0.3158369451662495
2,microbial,K01961,"acetyl-CoA carboxylase, biotin carboxylase subunit [EC:6.4.1.2 6.3.4.14]",ORC,L-92,-92,pre-flight,161.6029,5.091311032133017,0.7259768510727689,0.5773502691895692,1.5014163586008102,0.6744907594765952,stable,,1.0212523261090016
2,microbial,K01961,"acetyl-CoA carboxylase, biotin carboxylase subunit [EC:6.4.1.2 6.3.4.14]",ORC,L-44,-44,pre-flight,152.9843,5.036850649164625,-1.1406247214870364,-9.80731984511597,-0.5773502691896144,-3.3694807000807803,elevated,down,0.9667869341030224
2,microbial,K01961,"acetyl-CoA carboxylase, biotin carboxylase subunit [EC:6.4.1.2 6.3.4.14]",ORC,L-3,-3,pre-flight,160.1326,5.0822276284945165,0.4146478704142674,-1.154700538379308,1.1547005383792628,0.0,stable,,1.0119607397879762
2,microbial,K01961,"acetyl-CoA carboxylase, biotin carboxylase subunit [EC:6.4.1.2 6.3.4.14]",ORC,R+1,1,post-flight,11.1762,2.4994832267400136,-88.10758607408468,-493.640194394647,-81.27544774052448,-191.78243116815185,extreme,down,0.0706281895130559
2,microbial,K01961,"acetyl-CoA carboxylase, biotin carboxylase subunit [EC:6.4.1.2 6.3.4.14]",ORC,FD2,2,in-flight,203.5613,5.320867686066374,8.593912915206985,7.878139689984648,44.92725581081065,17.720286368309733,extreme,up,1.2864091617834352
2,microbial,K01961,"acetyl-CoA carboxylase, biotin carboxylase subunit [EC:6.4.1.2 6.3.4.14]",ORC,FD3,3,in-flight,259.9679,5.56439741125324,16.94076879873409,15.623326818428984,91.36423846223404,35.80365641697645,extreme,up,1.642871647654048
2,microbial,K01961,"acetyl-CoA carboxylase, biotin carboxylase subunit [EC:6.4.1.2 6.3.4.14]",ORC,R+45,45,post-flight,9.8855,2.387431628404164,-91.94809688692504,-515.0065311898512,-84.83912193465626,-200.10285495090335,extreme,down,0.0624715885033655
2,microbial,K01961,"acetyl-CoA carboxylase, biotin carboxylase subunit [EC:6.4.1.2 6.3.4.14]",ORC,R+82,82,post-flight,0.0,0.0,-173.77608613453393,-970.2491962263038,-160.7686812694282,-377.3822797488249,extreme,down,0.0
3,microbial,K21498,antitoxin HigA-1,NAC,L-92,-92,pre-flight,18.0661,2.947911888996266,1.0122005743109104,0.5773502691895886,3.020991068174309,0.7267660459754579,elevated,up,1.0142580712772566
3,microbial,K21498,antitoxin HigA-1,NAC,L-44,-44,pre-flight,17.5655,2.9213050196660495,-0.9873356744904842,-2.7621673031222205,-0.5773502691895969,-0.6744907594765952,stable,,0.9861536331040266
3,microbial,K21498,antitoxin HigA-1,NAC,L-3,-3,pre-flight,17.8048,2.9341121563964525,-0.0248648998204929,-1.1547005383792888,1.1547005383792714,0.0,stable,,0.9995882956187168
3,microbial,K21498,antitoxin HigA-1,NAC,R+1,1,post-flight,0.0,0.0,-220.5267038027825,-396.23510180058815,-190.74811615938484,-154.52568192383762,extreme,down,0.0
3,microbial,K21498,antitoxin HigA-1,NAC,FD2,2,in-flight,0.0,0.0,-220.5267038027825,-396.23510180058815,-190.74811615938484,-154.52568192383762,extreme,down,0.0
3,microbial,K21498,antitoxin HigA-1,NAC,FD3,3,in-flight,0.0,0.0,-220.5267038027825,-396.23510180058815,-190.74811615938484,-154.52568192383762,extreme,down,0.0
3,microbial,K21498,antitoxin HigA-1,NAC,R+45,45,post-flight,11.0893,2.4923207638603273,-33.22598649067261,-59.17098804616897,-28.503316209827837,-23.267043848647717,extreme,down,0.6225700084586537
3,microbial,K21498,antitoxin HigA-1,NAC,R+82,82,post-flight,6.6607,2.036103363389264,-67.5112388536726,-120.87031503445928,-58.202102155135904,-47.29383667578126,extreme,down,0.3739417326017472
4,microbial,K00606,3-methyl-2-oxobutanoate hydroxymethyltransferase [EC:2.1.2.11],NAC,L-92,-92,pre-flight,38.9583,3.6878364103328503,-0.4009573887348051,-1.154700538379237,1.1547005383792843,0.0,stable,,0.9902999245041294
4,microbial,K00606,3-methyl-2-oxobutanoate hydroxymethyltransferase [EC:2.1.2.11],NAC,L-44,-44,pre-flight,40.4144,3.7236286464407553,1.1382552558756462,0.577350269189614,9.081175867047056,3.0867075844675442,elevated,up,1.0273132366884512
4,microbial,K00606,3-methyl-2-oxobutanoate hydroxymethyltransferase [EC:2.1.2.11],NAC,L-3,-3,pre-flight,38.647,3.680015283175465,-0.7372978671408412,-1.5331789762228354,-0.577350269189593,-0.6744907594765952,stable,,0.9823868388074194
4,microbial,K00606,3-methyl-2-oxobutanoate hydroxymethyltransferase [EC:2.1.2.11],NAC,R+1,1,post-flight,0.0,0.0,-158.99301676514054,-816.1233508141482,-146.72460803324714,-318.03748119374603,extreme,down,0.0
4,microbial,K00606,3-methyl-2-oxobutanoate hydroxymethyltransferase [EC:2.1.2.11],NAC,FD2,2,in-flight,0.0,0.0,-158.99301676514054,-816.1233508141482,-146.72460803324714,-318.03748119374603,extreme,down,0.0
4,microbial,K00606,3-methyl-2-oxobutanoate hydroxymethyltransferase [EC:2.1.2.11],NAC,FD3,3,in-flight,0.0,0.0,-158.99301676514054,-816.1233508141482,-146.72460803324714,-318.03748119374603,extreme,down,0.0
4,microbial,K00606,3-methyl-2-oxobutanoate hydroxymethyltransferase [EC:2.1.2.11],NAC,R+45,45,post-flight,0.0,0.0,-158.99301676514054,-816.1233508141482,-146.72460803324714,-318.03748119374603,extreme,down,0.0
4,microbial,K00606,3-methyl-2-oxobutanoate hydroxymethyltransferase [EC:2.1.2.11],NAC,R+82,82,post-flight,4.2104,1.6506566282500548,-88.00802587345862,-450.5723134192969,-81.1708205716236,-175.68553876660698,extreme,down,0.1070261998632431
5,microbial,K17898,"D-ornithine 4,5-aminomutase subunit beta [EC:5.4.3.5]",NAC,L-92,-92,pre-flight,39.1475,3.692560171953509,-1.154342441604632,-60.50437100978839,-0.5773502691896257,-23.111795644802072,elevated,down,0.964716000522434
5,microbial,K17898,"D-ornithine 4,5-aminomutase subunit beta [EC:5.4.3.5]",NAC,L-44,-44,pre-flight,41.3269,3.7454228177381617,0.6020739442010985,0.5773502691894546,1.205248418024934,0.6744907594765952,stable,,1.018423186205775
5,microbial,K17898,"D-ornithine 4,5-aminomutase subunit beta [EC:5.4.3.5]",NAC,L-3,-3,pre-flight,41.2635,3.743923829392641,0.552268497403563,-1.1547005383794229,1.1547005383792466,0.0,stable,,1.0168608132717911
5,microbial,K17898,"D-ornithine 4,5-aminomutase subunit beta [EC:5.4.3.5]",NAC,R+1,1,post-flight,0.0,0.0,-123.843494589107,-4327.183192723271,-121.56451867318928,-1684.630860977295,extreme,down,0.0
5,microbial,K17898,"D-ornithine 4,5-aminomutase subunit beta [EC:5.4.3.5]",NAC,FD2,2,in-flight,16.6757,2.872190814958816,-28.411967550046008,-1008.42462104601,-27.45684875429853,-392.24845524868044,extreme,down,0.4109410462970037
5,microbial,K17898,"D-ornithine 4,5-aminomutase subunit beta [EC:5.4.3.5]",NAC,FD3,3,in-flight,39.4381,3.6997724098635607,-0.9147083359802448,-52.17077553267075,-0.3341440194928026,-19.86654838186445,stable,,0.9718772871882956
5,microbial,K17898,"D-ornithine 4,5-aminomutase subunit beta [EC:5.4.3.5]",NAC,R+45,45,post-flight,0.0,0.0,-123.843494589107,-4327.183192723271,-121.56451867318928,-1684.630860977295,extreme,down,0.0
5,microbial,K17898,"D-ornithine 4,5-aminomutase subunit beta [EC:5.4.3.5]",NAC,R+82,82,post-flight,0.0,0.0,-123.843494589107,-4327.183192723271,-121.56451867318928,-1684.630860977295,extreme,down,0.0
6,microbial,K09117,uncharacterized protein,NAC,L-92,-92,pre-flight,57.5569,4.069998931093365,-0.58797963596148,-1.176158217452436,-0.5773502691896257,-0.6744907594765952,stable,,0.9793235225557704
6,microbial,K09117,uncharacterized protein,NAC,L-44,-44,pre-flight,57.5997,4.070729577115937,-0.566655266110864,-1.1547005383792774,1.1547005383792517,0.0,stable,,0.9800517592531148
6,microbial,K09117,uncharacterized protein,NAC,L-3,-3,pre-flight,61.1597,4.129706879792919,1.1546349020722662,0.5773502691895996,140.96478856195816,54.444483984782515,elevated,up,1.0406247181911146
6,microbial,K09117,uncharacterized protein,NAC,R+1,1,post-flight,0.0,0.0,-119.37349247938104,-9649.390258691854,-118.64278525636394,-3757.865504319997,extreme,down,0.0
6,microbial,K09117,uncharacterized protein,NAC,FD2,2,in-flight,0.0,0.0,-119.37349247938104,-9649.390258691854,-118.64278525636394,-3757.865504319997,extreme,down,0.0
6,microbial,K09117,uncharacterized protein,NAC,FD3,3,in-flight,0.0,0.0,-119.37349247938104,-9649.390258691854,-118.64278525636394,-3757.865504319997,extreme,down,0.0
6,microbial,K09117,uncharacterized protein,NAC,R+45,45,post-flight,17.456,2.9153895208714524,-34.285991170869636,-2738.2422909985157,-34.07108443621901,-1066.544082792219,extreme,down,0.2970116773094716
6,microbial,K09117,uncharacterized protein,NAC,R+82,82,post-flight,5.0,1.791759469228055,-67.07985038077446,-5401.891004921718,-66.66614725022829,-2103.8152968824397,extreme,down,0.0850743805308981
7,microbial,K03723,transcription-repair coupling factor (superfamily II helicase) [EC:3.6.4.-],ORC,L-92,-92,pre-flight,150.0448,5.017576481553244,-0.1167598432260336,-1.1547005383792517,1.1547005383792517,0.0,stable,,0.9936333739939156
7,microbial,K03723,transcription-repair coupling factor (superfamily II helicase) [EC:3.6.4.-],ORC,L-44,-44,pre-flight,158.73309999999998,5.073504297364116,1.0532544635816885,0.5773502691896257,3.626871149548783,0.9627063050326526,elevated,up,1.051169422182665
7,microbial,K03723,transcription-repair coupling factor (superfamily II helicase) [EC:3.6.4.-],ORC,L-3,-3,pre-flight,144.2407,4.978392366143444,-0.9364946203556548,-2.368209018111872,-0.5773502691896257,-0.6744907594765952,stable,,0.9551972038234192
7,microbial,K03723,transcription-repair coupling factor (superfamily II helicase) [EC:3.6.4.-],ORC,R+1,1,post-flight,0.0,0.0,-105.08485458827516,-221.2139880326376,-91.23714875616788,-86.36941108356086,extreme,down,0.0
7,microbial,K03723,transcription-repair coupling factor (superfamily II helicase) [EC:3.6.4.-],ORC,FD2,2,in-flight,230.0789,5.442759210645546,8.778096300053596,7.301725040468247,19.94900230037505,7.318828531983903,extreme,up,1.5236387645010605
7,microbial,K03723,transcription-repair coupling factor (superfamily II helicase) [EC:3.6.4.-],ORC,FD3,3,in-flight,211.6472,5.3596344544368435,7.039119860441232,5.78796857193219,16.27464855742342,5.8879711715420875,extreme,up,1.4015795377938125
7,microbial,K03723,transcription-repair coupling factor (superfamily II helicase) [EC:3.6.4.-],ORC,R+45,45,post-flight,4.5721,1.7177720026337593,-69.14892914981809,-145.28351586899004,-59.95539108185473,-56.800762396539874,extreme,down,0.0302775647622415
7,microbial,K03723,transcription-repair coupling factor (superfamily II helicase) [EC:3.6.4.-],ORC,R+82,82,post-flight,0.0,0.0,-105.08485458827516,-221.2139880326376,-91.23714875616788,-86.36941108356086,extreme,down,0.0
8,microbial,K21400,2-amino-4-ketopentanoate thiolase beta subunit [EC:2.3.1.263],NAC,L-92,-92,pre-flight,40.8889,3.7350208753637455,1.0545596730483218,0.5773502691896037,3.651725049702384,0.9723848467458879,elevated,up,1.032404590271553
8,microbial,K21400,2-amino-4-ketopentanoate thiolase beta subunit [EC:2.3.1.263],NAC,L-44,-44,pre-flight,39.4487,3.700034504545529,-0.119937324643569,-1.1547005383792737,1.154700538379262,0.0,stable,,0.9960409539079168
8,microbial,K21400,2-amino-4-ketopentanoate thiolase beta subunit [EC:2.3.1.263],NAC,L-3,-3,pre-flight,38.4789,3.675766351968409,-0.934622348404723,-2.356130474848084,-0.5773502691896152,-0.6744907594765952,stable,,0.97155445582053
8,microbial,K21400,2-amino-4-ketopentanoate thiolase beta subunit [EC:2.3.1.263],NAC,R+1,1,post-flight,0.0,0.0,-124.3305746475174,-263.49910677735863,-108.02254961514292,-102.83597299505229,extreme,down,0.0
8,microbial,K21400,2-amino-4-ketopentanoate thiolase beta subunit [EC:2.3.1.263],NAC,FD2,2,in-flight,13.6519,2.6845700198864524,-34.2092115363553,-71.89772071621073,-29.550706378859687,-28.223055269767556,extreme,down,0.3446970749012131
8,microbial,K21400,2-amino-4-ketopentanoate thiolase beta subunit [EC:2.3.1.263],NAC,FD3,3,in-flight,36.3038,3.619095198136297,-2.8370803191781273,-5.199397284406573,-2.233887393045637,-2.2495661372650946,high,down,0.916635315802098
8,microbial,K21400,2-amino-4-ketopentanoate thiolase beta subunit [EC:2.3.1.263],NAC,R+45,45,post-flight,7.3551,2.1228721308566403,-53.06548238831468,-111.98685725893532,-45.96952517203199,-43.83446345439003,extreme,down,0.185709055560465
8,microbial,K21400,2-amino-4-ketopentanoate thiolase beta subunit [EC:2.3.1.263],NAC,R+82,82,post-flight,12.7384,2.620194831687515,-36.370294938184834,-76.4922647942174,-31.432437769448217,-30.012250777821468,extreme,down,0.3216320965522465
9,microbial,K05567,multicomponent Na+:H+ antiporter subunit C,NAC,L-92,-92,pre-flight,53.4057,3.9964689277846825,-1.1433950424148307,-10.92909365544082,-0.5773502691896106,-3.8063189648594795,elevated,down,0.9579228565774236
9,microbial,K05567,multicomponent Na+:H+ antiporter subunit C,NAC,L-44,-44,pre-flight,57.2199,4.064227220693192,0.7112891854853569,0.5773502691895251,1.4616249646910418,0.6744907594765952,stable,,1.0263370775230831
9,microbial,K05567,multicomponent Na+:H+ antiporter subunit C,NAC,L-3,-3,pre-flight,56.6291,4.054027648460415,0.4321058569294859,-1.154700538379352,1.1547005383792517,0.0,stable,,1.0157400658994933
9,microbial,K05567,multicomponent Na+:H+ antiporter subunit C,NAC,R+1,1,post-flight,0.0,0.0,-110.534992284448,-689.5935587737268,-102.73587488166592,-268.09008506864734,extreme,down,0.0
9,microbial,K05567,multicomponent Na+:H+ antiporter subunit C,NAC,FD2,2,in-flight,0.0,0.0,-110.534992284448,-689.5935587737268,-102.73587488166592,-268.09008506864734,extreme,down,0.0
9,microbial,K05567,multicomponent Na+:H+ antiporter subunit C,NAC,FD3,3,in-flight,11.4848,2.52451190438036,-41.43389467381917,-260.89098351793604,-38.20380515252894,-101.14583360080931,extreme,down,0.2059995922386635
9,microbial,K05567,multicomponent Na+:H+ antiporter subunit C,NAC,R+45,45,post-flight,28.3656,3.3798239212533976,-18.022240697089604,-115.6452971559635,-16.340151185499124,-44.58463292650956,extreme,down,0.5087857022851974
9,microbial,K05567,multicomponent Na+:H+ antiporter subunit C,NAC,R+82,82,post-flight,5.0,1.791759469228055,-61.49084012059197,-385.3240889549447,-56.93456699104354,-149.60225267551462,extreme,down,0.0896835783986937
10,microbial,K06196,cytochrome c-type biogenesis protein,NAC,L-92,-92,pre-flight,87.376,4.4816004395699744,-0.8411519681805905,-1.8836325432699592,-0.5773502691895833,-0.6744907594765952,stable,,0.9644487206138552
10,microbial,K06196,cytochrome c-type biogenesis protein,NAC,L-44,-44,pre-flight,89.5351,4.505737620817199,-0.2645134442469567,-1.1547005383792606,1.154700538379294,0.0,stable,,0.9882806794203624
10,microbial,K06196,cytochrome c-type biogenesis protein,NAC,L-3,-3,pre-flight,94.8794,4.563091151724326,1.105665412427526,0.5773502691896168,5.270310746014288,1.6026903151609573,elevated,up,1.0472705999657823
10,microbial,K06196,cytochrome c-type biogenesis protein,NAC,R+1,1,post-flight,0.0,0.0,-107.90682114738836,-322.74816172393827,-95.83188241581716,-125.9085872016093,extreme,down,0.0
10,microbial,K06196,cytochrome c-type biogenesis protein,NAC,FD2,2,in-flight,17.1575,2.899083698498186,-38.647559780477174,-114.71391738685874,-34.213077911045865,-44.89642817781781,extreme,down,0.1893829990378618
10,microbial,K06196,cytochrome c-type biogenesis protein,NAC,FD3,3,in-flight,57.2038,4.063950644702176,-10.818827437698868,-31.12467329834756,-9.45432097367401,-12.345320275579,extreme,down,0.6314105901420396
10,microbial,K06196,cytochrome c-type biogenesis protein,NAC,R+45,45,post-flight,31.3117,3.475429393741655,-24.878630940913173,-73.3561458782212,-21.96309259990393,-28.790991435881406,extreme,down,0.3456158327829707
10,microbial,K06196,cytochrome c-type biogenesis protein,NAC,R+82,82,post-flight,17.9752,2.9431328634106,-37.59522292409616,-111.55301011778592,-33.27683144022389,-43.66551581933768,extreme,down,0.1984087008191971
11,microbial,K20074,PPM family protein phosphatase [EC:3.1.3.16],ORC,L-92,-92,pre-flight,120.3028,4.798289898948223,1.1515826551327035,0.5773502691896207,20.659102139316175,7.595353780307208,elevated,up,1.072474276371585
11,microbial,K20074,PPM family protein phosphatase [EC:3.1.3.16],ORC,L-44,-44,pre-flight,107.6168,4.687826091668219,-0.6492286566172825,-1.3085119734276356,-0.5773502691895688,-0.6744907594765952,stable,,0.9593812422107016
11,microbial,K20074,PPM family protein phosphatase [EC:3.1.3.16],ORC,L-3,-3,pre-flight,108.5998,4.696835549694732,-0.5023539985154211,-1.1547005383792566,1.1547005383793083,0.0,stable,,0.9681444814177133
11,microbial,K20074,PPM family protein phosphatase [EC:3.1.3.16],ORC,R+1,1,post-flight,0.0,0.0,-77.0714565451992,-902.3801620392394,-74.0815428889038,-351.6273862121046,extreme,down,0.0
11,microbial,K20074,PPM family protein phosphatase [EC:3.1.3.16],ORC,FD2,2,in-flight,175.3408,5.172418486339074,7.250729595765512,6.443613055899042,92.58459643852926,35.60439431399638,extreme,up,1.5631265240577512
11,microbial,K20074,PPM family protein phosphatase [EC:3.1.3.16],ORC,FD3,3,in-flight,289.6961,5.6722783915821635,15.399582996864751,14.281318218034246,188.68169240144033,73.02627764228993,extreme,up,2.5825800830501895
11,microbial,K20074,PPM family protein phosphatase [EC:3.1.3.16],ORC,R+45,45,post-flight,19.7352,3.031832739178714,-27.645686906392868,-319.51620631015464,-26.543000866743775,-124.65000745781,extreme,down,0.1759351763969625
11,microbial,K20074,PPM family protein phosphatase [EC:3.1.3.16],ORC,R+82,82,post-flight,0.0,0.0,-77.0714565451992,-902.3801620392394,-74.0815428889038,-351.6273862121046,extreme,down,0.0
12,microbial,K00124,formate dehydrogenase iron-sulfur subunit,NAC,L-92,-92,pre-flight,34.1642,3.560028519607839,-0.8464359140019647,-1.9052102572402585,-0.5773502691896142,-0.6744907594765952,stable,,0.9673566698631068
12,microbial,K00124,formate dehydrogenase iron-sulfur subunit,NAC,L-44,-44,pre-flight,34.9513,3.5821652448484382,-0.2569729592980697,-1.1547005383792566,1.154700538379263,0.0,stable,,0.9896433452381852
12,microbial,K00124,formate dehydrogenase iron-sulfur subunit,NAC,L-3,-3,pre-flight,36.8357,3.633253101362941,1.1034088733000345,0.5773502691896187,5.151983884093823,1.556611773691845,elevated,up,1.0429999848987082
12,microbial,K00124,formate dehydrogenase iron-sulfur subunit,NAC,R+1,1,post-flight,0.0,0.0,-95.64387804647517,-279.70314008110455,-84.78609717576232,-109.14610586290482,extreme,down,0.0
12,microbial,K00124,formate dehydrogenase iron-sulfur subunit,NAC,FD2,2,in-flight,0.0,0.0,-95.64387804647517,-279.70314008110455,-84.78609717576232,-109.14610586290482,extreme,down,0.0
12,microbial,K00124,formate dehydrogenase iron-sulfur subunit,NAC,FD3,3,in-flight,0.0,0.0,-95.64387804647517,-279.70314008110455,-84.78609717576232,-109.14610586290482,extreme,down,0.0
12,microbial,K00124,formate dehydrogenase iron-sulfur subunit,NAC,R+45,45,post-flight,17.1436,2.898317881446949,-18.466653163387615,-52.929135679376586,-16.22942253416553,-20.836357794277383,extreme,down,0.4854197026555621
12,microbial,K00124,formate dehydrogenase iron-sulfur subunit,NAC,R+82,82,post-flight,3.0963,1.4100841272426283,-58.09576074405341,-169.37348089324306,-51.432033652408826,-66.18181446150761,extreme,down,0.0876714940463156
13,microbial,K21570,putidaredoxin---NAD+ reductase [EC:1.18.1.5],ORC,L-92,-92,pre-flight,109.4495,4.704558402920615,-0.3580922361313973,-1.1547005383792517,1.1547005383792674,0.0,stable,,0.9702912512337398
13,microbial,K21570,putidaredoxin---NAD+ reductase [EC:1.18.1.5],ORC,L-44,-44,pre-flight,122.999,4.8202735010563895,1.1297445259831638,0.5773502691896223,7.3859814422491,2.4265693425370443,elevated,up,1.0904102221618075
13,microbial,K21570,putidaredoxin---NAD+ reductase [EC:1.18.1.5],ORC,L-3,-3,pre-flight,105.9535,4.672394160565642,-0.7716522898517779,-1.6361424836680445,-0.5773502691896099,-0.6744907594765952,stable,,0.9392985266044528
13,microbial,K21570,putidaredoxin---NAD+ reductase [EC:1.18.1.5],ORC,R+1,1,post-flight,0.0,0.0,-60.848167033174974,-252.7640495096205,-55.30321023198944,-98.6555546736629,extreme,down,0.0
13,microbial,K21570,putidaredoxin---NAD+ reductase [EC:1.18.1.5],ORC,FD2,2,in-flight,224.0404,5.416279941641807,8.793051277186427,7.558132258792931,39.48104605901705,14.92494665007071,extreme,up,1.986162020319029
13,microbial,K21570,putidaredoxin---NAD+ reductase [EC:1.18.1.5],ORC,FD3,3,in-flight,198.9917,5.298275865686888,7.2757833915464705,6.175998321923468,33.126503247206074,12.450376973167922,extreme,up,1.7641003894776035
13,microbial,K21570,putidaredoxin---NAD+ reductase [EC:1.18.1.5],ORC,R+45,45,post-flight,9.8067,2.3801663121503944,-30.244563906046317,-124.591623198108,-27.42528645015952,-48.74297890566129,extreme,down,0.0869383159673997
13,microbial,K21570,putidaredoxin---NAD+ reductase [EC:1.18.1.5],ORC,R+82,82,post-flight,0.0,0.0,-60.848167033174974,-252.7640495096205,-55.30321023198944,-98.6555546736629,extreme,down,0.0
14,microbial,K17836,beta-lactamase class A [EC:3.5.2.6],ORC,L-92,-92,pre-flight,147.773,5.002421654321752,0.6231032960804676,0.5773502691895619,1.2501059296984165,0.6744907594765952,stable,,1.053244664687928
14,microbial,K17836,beta-lactamase class A [EC:3.5.2.6],ORC,L-44,-44,pre-flight,146.5825,4.994387341451506,0.5303549452409132,-1.1547005383793152,1.1547005383792586,0.0,stable,,1.0447594354964589
14,microbial,K17836,beta-lactamase class A [EC:3.5.2.6],ORC,L-3,-3,pre-flight,126.5524,4.848527260561328,-1.1534582413213603,-32.59946438787877,-0.5773502691896187,-12.245138859512158,elevated,down,0.9019958998156128
14,microbial,K17836,beta-lactamase class A [EC:3.5.2.6],ORC,R+1,1,post-flight,0.0,0.0,-57.12500362176529,-1077.8532020503674,-55.14656069961253,-419.2851542452537,extreme,down,0.0
14,microbial,K17836,beta-lactamase class A [EC:3.5.2.6],ORC,FD2,2,in-flight,374.0417,5.927037219788149,11.296893356606134,10.983714644944186,200.48489376344057,78.2971406421889,extreme,up,2.6659635041300005
14,microbial,K17836,beta-lactamase class A [EC:3.5.2.6],ORC,FD3,3,in-flight,268.4088,5.596229928624654,7.478043979363348,7.260544347386856,129.16889635794908,50.52544881729534,extreme,up,1.9130702940001836
14,microbial,K17836,beta-lactamase class A [EC:3.5.2.6],ORC,R+45,45,post-flight,12.197,2.5799895310346925,-27.341526421997983,-521.6546791752183,-26.109291429722767,-202.69175959744604,extreme,down,0.0869335073064677
14,microbial,K17836,beta-lactamase class A [EC:3.5.2.6],ORC,R+82,82,post-flight,0.0,0.0,-57.12500362176529,-1077.8532020503674,-55.14656069961253,-419.2851542452537,extreme,down,0.0
15,microbial,K02530,"DeoR family transcriptional regulator, lactose phosphotransferase system repressor",ORC,L-92,-92,pre-flight,97.1692,4.586692520542164,0.2935778484539256,-1.1547005383792128,1.1547005383792517,0.0,stable,,1.0141204326198032
15,microbial,K02530,"DeoR family transcriptional regulator, lactose phosphotransferase system repressor",ORC,L-44,-44,pre-flight,90.4849,4.516173931340564,-1.113928539366836,-5.782639526849909,-0.5773502691896257,-1.8022000679797119,elevated,down,0.9443587673209168
15,microbial,K02530,"DeoR family transcriptional regulator, lactose phosphotransferase system repressor",ORC,L-3,-3,pre-flight,99.7946,4.613084782773696,0.820350690912875,0.5773502691896204,1.802937260486807,0.6744907594765952,stable,,1.0415208000592802
15,microbial,K02530,"DeoR family transcriptional regulator, lactose phosphotransferase system repressor",ORC,R+1,1,post-flight,0.0,0.0,-91.25390055013985,-302.16658101233395,-81.29321014683421,-117.21927035000218,extreme,down,0.0
15,microbial,K02530,"DeoR family transcriptional regulator, lactose phosphotransferase system repressor",ORC,FD2,2,in-flight,241.1438,5.489531764556967,18.31367747769133,16.241753998388734,58.67347968931296,23.073305427121408,extreme,up,2.516732202998309
15,microbial,K02530,"DeoR family transcriptional regulator, lactose phosphotransferase system repressor",ORC,FD3,3,in-flight,187.5396,5.2393080644000385,13.319370865172896,11.76960092656558,42.25199379592572,16.67849273250333,extreme,up,1.957284204103202
15,microbial,K02530,"DeoR family transcriptional regulator, lactose phosphotransferase system repressor",ORC,R+45,45,post-flight,5.1124,1.8103194947489651,-55.12106973624997,-183.36034472496385,-48.93805799959358,-70.95405215094685,extreme,down,0.0533563032290631
15,microbial,K02530,"DeoR family transcriptional regulator, lactose phosphotransferase system repressor",ORC,R+82,82,post-flight,0.0,0.0,-91.25390055013985,-302.16658101233395,-81.29321014683421,-117.21927035000218,extreme,down,0.0
16,microbial,K24305,"UDP-2-acetamido-4-(D-alanylamino)-2,4,6-trideoxy-alpha-D-mannopyranose hydrolase",NAC,L-92,-92,pre-flight,85.5342,4.460539711519992,-0.8435261735307383,-1.8932705085068369,-0.5773502691896257,-0.6744907594765952,stable,,0.978980741057258
16,microbial,K24305,"UDP-2-acetamido-4-(D-alanylamino)-2,4,6-trideoxy-alpha-D-mannopyranose hydrolase",NAC,L-44,-44,pre-flight,89.7921,4.508572277416858,1.104659635245783,0.5773502691895953,5.2166041106052985,1.5817760156798941,elevated,up,1.0277144884629474
16,microbial,K24305,"UDP-2-acetamido-4-(D-alanylamino)-2,4,6-trideoxy-alpha-D-mannopyranose hydrolase",NAC,L-3,-3,pre-flight,86.78569999999999,4.474898617216833,-0.2611334617149725,-1.154700538379282,1.1547005383792517,0.0,stable,,0.9933047704797948
16,microbial,K24305,"UDP-2-acetamido-4-(D-alanylamino)-2,4,6-trideoxy-alpha-D-mannopyranose hydrolase",NAC,R+1,1,post-flight,8.5886,2.260574892836981,-90.0734092651078,-266.5266530585084,-79.9079204703461,-104.01495226148191,extreme,down,0.0983007264070321
16,microbial,K24305,"UDP-2-acetamido-4-(D-alanylamino)-2,4,6-trideoxy-alpha-D-mannopyranose hydrolase",NAC,FD2,2,in-flight,15.276,2.7896916301394437,-68.61260034200917,-202.7016589056057,-60.8280096841782,-79.16038760803214,extreme,down,0.1748412892198755
16,microbial,K24305,"UDP-2-acetamido-4-(D-alanylamino)-2,4,6-trideoxy-alpha-D-mannopyranose hydrolase",NAC,FD3,3,in-flight,57.991299999999995,4.077389975405656,-16.383959306692113,-47.37234580104391,-14.39370168546769,-18.6724470077634,extreme,down,0.6637387834208278
16,microbial,K24305,"UDP-2-acetamido-4-(D-alanylamino)-2,4,6-trideoxy-alpha-D-mannopyranose hydrolase",NAC,R+45,45,post-flight,23.2029,3.1864724606937793,-52.519294293352935,-154.8397554639879,-46.52012200095278,-60.5221285793353,extreme,down,0.2655685355878404
16,microbial,K24305,"UDP-2-acetamido-4-(D-alanylamino)-2,4,6-trideoxy-alpha-D-mannopyranose hydrolase",NAC,R+82,82,post-flight,22.3944,3.1524966774836387,-53.89734140485197,-158.93810278859337,-47.74528625458156,-62.11809642709838,extreme,down,0.256314857770724
17,microbial,K03687,molecular chaperone GrpE,NAC,L-92,-92,pre-flight,120.6218,4.800916229779777,-0.0191514329076965,-1.154700538379233,1.1547005383792517,0.0,stable,,0.997993892873769
17,microbial,K03687,molecular chaperone GrpE,NAC,L-44,-44,pre-flight,114.4383,4.748736188092456,-0.9902867325676258,-2.790003561741449,-0.577350269189621,-0.6744907594765952,stable,,0.946833196908488
17,microbial,K03687,molecular chaperone GrpE,NAC,L-3,-3,pre-flight,127.5327,4.8561833466702495,1.0094381654752893,0.577350269189621,2.989222921779448,0.7143949763189649,elevated,up,1.055172910217743
17,microbial,K03687,molecular chaperone GrpE,NAC,R+1,1,post-flight,0.0,0.0,-89.37015750123514,-158.7830213205693,-77.12709303006535,-62.057705001690344,extreme,down,0.0
17,microbial,K03687,molecular chaperone GrpE,NAC,FD2,2,in-flight,29.033,3.402296777105456,-26.049194287647634,-45.84806209445601,-22.281986296899223,-18.078864377033717,extreme,down,0.2402116092763011
17,microbial,K03687,molecular chaperone GrpE,NAC,FD3,3,in-flight,167.6722,5.127957186405351,6.067486429837028,4.958351170655667,12.010413464516336,4.227403736780349,extreme,up,1.3872768571245762
17,microbial,K03687,molecular chaperone GrpE,NAC,R+45,45,post-flight,20.5282,3.0693637036081323,-32.245491753927496,-56.89935642405688,-27.648875532968887,-22.382430919654013,extreme,down,0.1698450713858631
17,microbial,K03687,molecular chaperone GrpE,NAC,R+82,82,post-flight,16.3311,2.8525025754580926,-36.28154634224248,-64.09778862143557,-31.144682189136756,-25.185625825157757,extreme,down,0.135119340483319
18,microbial,K01740,O-acetylhomoserine (thiol)-lyase [EC:2.5.1.49],NAC,L-92,-92,pre-flight,42.8775,3.781401660219708,1.098553588731603,0.577350269189608,4.921483489916044,1.4668509045249256,elevated,up,1.0487778628437527
18,microbial,K01740,O-acetylhomoserine (thiol)-lyase [EC:2.5.1.49],NAC,L-44,-44,pre-flight,39.3459,3.6974897786486354,-0.8573108988310043,-1.9511361277396948,-0.5773502691896161,-0.6744907594765952,stable,,0.9623954035021636
18,microbial,K01740,O-acetylhomoserine (thiol)-lyase [EC:2.5.1.49],NAC,L-3,-3,pre-flight,40.4265,3.723920772675165,-0.2412426899006298,-1.1547005383792694,1.1547005383792612,0.0,stable,,0.9888267336540836
18,microbial,K01740,O-acetylhomoserine (thiol)-lyase [EC:2.5.1.49],NAC,R+1,1,post-flight,0.0,0.0,-87.04044510801123,-243.45509040105085,-76.89836747414529,-95.03048382029185,extreme,down,0.0
18,microbial,K01740,O-acetylhomoserine (thiol)-lyase [EC:2.5.1.49],NAC,FD2,2,in-flight,0.0,0.0,-87.04044510801123,-243.45509040105085,-76.89836747414529,-95.03048382029185,extreme,down,0.0
18,microbial,K01740,O-acetylhomoserine (thiol)-lyase [EC:2.5.1.49],NAC,FD3,3,in-flight,0.0,0.0,-87.04044510801123,-243.45509040105085,-76.89836747414529,-95.03048382029185,extreme,down,0.0
18,microbial,K01740,O-acetylhomoserine (thiol)-lyase [EC:2.5.1.49],NAC,R+45,45,post-flight,0.0,0.0,-87.04044510801123,-243.45509040105085,-76.89836747414529,-95.03048382029185,extreme,down,0.0
18,microbial,K01740,O-acetylhomoserine (thiol)-lyase [EC:2.5.1.49],NAC,R+82,82,post-flight,7.4077,2.129147952633621,-37.41308851256195,-103.9297881331471,-32.94997349528837,-40.696900370178454,extreme,down,0.1811913421861738
19,microbial,K19084,bacitracin transport system permease protein,ORC,L-92,-92,pre-flight,97.8131,4.593230187057517,-0.760432171647823,-1.6013474847897695,-0.5773502691896306,-0.6744907594765952,stable,,0.957491317167145
19,microbial,K19084,bacitracin transport system permease protein,ORC,L-44,-44,pre-flight,99.9533,4.614658033674781,-0.3723177567654223,-1.1547005383792517,1.1547005383792277,0.0,stable,,0.9784417104887054
19,microbial,K19084,bacitracin transport system permease protein,ORC,L-3,-3,pre-flight,108.7004,4.69775301358265,1.1327499284132132,0.577350269189616,7.871414990609396,2.615605623273262,elevated,up,1.0640669723441494
19,microbial,K19084,bacitracin transport system permease protein,ORC,R+1,1,post-flight,0.0,0.0,-83.95585905293623,-372.433634765636,-76.69190169619041,-145.25697600198575,extreme,down,0.0
19,microbial,K19084,bacitracin transport system permease protein,ORC,FD2,2,in-flight,114.8732,4.752496489784783,2.1242976380044287,1.4845060103542755,12.296427165591131,4.338782454780801,high,up,1.124492440943032
19,microbial,K19084,bacitracin transport system permease protein,ORC,FD3,3,in-flight,155.1557,5.050853586425008,7.528325959508296,6.428590162683886,36.41315991106767,13.730258336728152,extreme,up,1.5188173727137817
19,microbial,K19084,bacitracin transport system permease protein,ORC,R+45,45,post-flight,0.0,0.0,-83.95585905293623,-372.433634765636,-76.69190169619041,-145.25697600198575,extreme,down,0.0
19,microbial,K19084,bacitracin transport system permease protein,ORC,R+82,82,post-flight,0.0,0.0,-83.95585905293623,-372.433634765636,-76.69190169619041,-145.25697600198575,extreme,down,0.0
20,microbial,K02948,small subunit ribosomal protein S11,NAC,L-92,-92,pre-flight,96.9692,4.584653143558181,0.4561407641764418,-1.1547005383791684,1.154700538379276,0.0,stable,,1.0119743106474728
20,microbial,K02948,small subunit ribosomal protein S11,NAC,L-44,-44,pre-flight,92.9203,4.542446550282521,-1.146738821974124,-12.995956737952753,-0.5773502691896014,-4.61119145714767,elevated,down,0.969719834108731
20,microbial,K02948,small subunit ribosomal protein S11,NAC,L-3,-3,pre-flight,97.5759,4.590826809825994,0.690598057797682,0.5773502691896151,1.4080520366863585,0.6744907594765953,stable,,1.0183058552437965
20,microbial,K02948,small subunit ribosomal protein S11,NAC,R+1,1,post-flight,10.5319,2.4451171082158387,-80.79700877304208,-601.4114940028948,-75.66337064502864,-233.7504527786589,extreme,down,0.1099113145442895
20,microbial,K02948,small subunit ribosomal protein S11,NAC,FD2,2,in-flight,24.0,3.218875824868201,-51.411977779712295,-384.3298844853204,-47.96220858662889,-149.21509213446032,extreme,down,0.2504649255179927
20,microbial,K02948,small subunit ribosomal protein S11,NAC,FD3,3,in-flight,64.0,4.174387269895637,-15.124524310897357,-116.25670103036548,-13.754157914350955,-44.82272424680476,extreme,down,0.6679064680479807
20,microbial,K02948,small subunit ribosomal protein S11,NAC,R+45,45,post-flight,24.3353,3.2321986801839935,-50.90601576862439,-380.5920954135089,-47.48524003526948,-147.75953195181876,extreme,down,0.2539641292482504
20,microbial,K02948,small subunit ribosomal protein S11,NAC,R+82,82,post-flight,19.7789,3.03393804875503,-58.435358797550464,-436.21503839084374,-54.58312437933935,-169.42007498505998,extreme,down,0.2064133631386595
